bottle,2023-06-16,00:21:15,
bottle,2023-06-16,00:24:47,
bottle,2023-06-16,00:24:47,
bottle,2023-06-16,00:24:48,
chips,2023-06-16,00:26:10,
chips,2023-06-16,00:26:10,
chips,2023-06-16,00:26:16,
chips,2023-06-16,00:26:17,
chips,2023-06-16,00:26:18,
chips,2023-06-16,00:26:19,
chips,2023-06-16,00:26:20,
chips,2023-06-16,00:26:20,
chips,2023-06-16,00:26:20,
chips,2023-06-16,00:26:20,
chips,2023-06-16,00:26:21,
chips,2023-06-16,00:26:21,
chips,2023-06-16,00:26:21,
chips,2023-06-16,00:26:21,
chips,2023-06-16,00:26:22,
chips,2023-06-16,00:26:22,
chips,2023-06-16,00:26:22,
chips,2023-06-16,00:26:22,
chips,2023-06-16,00:26:23,
chips,2023-06-16,00:26:25,
chips,2023-06-16,00:26:26,
chips,2023-06-16,00:26:28,
chips,2023-06-16,00:26:29,
chips,2023-06-16,00:26:29,
chips,2023-06-16,00:26:30,
chips,2023-06-16,00:26:31,
chips,2023-06-16,00:26:31,
chips,2023-06-16,00:26:31,
chips,2023-06-16,00:26:33,
chips,2023-06-16,00:26:35,
chips,2023-06-16,00:26:36,
bottle,2023-06-16,00:27:59,
chips,2023-06-16,00:28:06,
bottle,2023-06-16,00:28:34,
bottle,2023-06-16,00:28:34,
bottle,2023-06-16,00:28:34,
bottle,2023-06-16,00:28:37,
bottle,2023-06-16,00:29:11,
bottle,2023-06-16,00:29:11,
bottle,2023-06-16,00:29:29,
bottle,2023-06-16,00:32:26,
bottle,2023-06-16,00:32:27,
bottle,2023-06-16,00:36:02,
bottle,2023-06-16,00:36:02,
bottle,2023-06-16,00:40:51,
bottle,2023-06-16,00:40:53,
bottle,2023-06-16,00:40:53,
bottle,2023-06-16,00:40:54,
bottle,2023-06-16,00:40:54,
bottle,2023-06-16,00:40:55,
bottle,2023-06-16,00:40:55,
bottle,2023-06-16,00:41:07,
bottle,2023-06-16,00:41:08,
bottle,2023-06-16,00:41:08,
bottle,2023-06-16,01:04:04,
bottle,2023-06-16,01:04:05,
bottle,2023-06-16,12:11:20,
bottle,2023-06-16,12:19:07,
bottle,2023-06-16,12:19:08,
bottle,2023-06-16,12:26:37,
bottle,2023-06-16,12:29:06,
bottle,2023-06-16,12:33:05,
bottle,2023-06-16,12:42:30,
bottle,2023-06-16,12:48:34,
bottle,2023-06-16,14:17:14,
bottle,2023-06-16,14:19:46,
bottle,2023-06-16,14:19:47,
bottle,2023-06-16,14:19:48,
bottle,2023-06-16,14:24:59,
bottle,2023-06-16,14:26:03,
bottle,2023-06-16,14:26:04,
bottle,2023-06-16,14:28:16,
bottle,2023-06-16,14:28:17,
bottle,2023-06-16,14:30:29,
bottle,2023-06-16,14:30:30,
bottle,2023-06-16,14:31:07,
bottle,2023-06-16,14:31:08,
bottle,2023-06-16,14:33:14,
bottle,2023-06-16,14:33:37,
bottle,2023-06-16,14:38:00,
chips,2023-06-16,14:42:02,
chips,2023-06-16,14:42:02,
chips,2023-06-16,14:42:03,
chips,2023-06-16,14:42:03,
chips,2023-06-16,14:42:03,
chips,2023-06-16,14:42:03,
chips,2023-06-16,14:42:04,
chips,2023-06-16,14:42:04,
chips,2023-06-16,14:42:04,
chips,2023-06-16,14:42:04,
chips,2023-06-16,14:42:05,
chips,2023-06-16,14:42:05,
chips,2023-06-16,14:42:06,
chips,2023-06-16,14:42:06,
chips,2023-06-16,14:42:07,
bottle,2023-06-16,14:42:07,
bottle,2023-06-16,14:42:13,
bottle,2023-06-16,14:42:15,
bottle,2023-06-16,14:42:16,
bottle,2023-06-16,14:42:18,
bottle,2023-06-16,14:43:16,
bottle,2023-06-16,14:43:20,
chips,2023-06-16,14:43:28,
bottle,2023-06-16,14:43:38,
bottle,2023-06-16,14:45:23,
bottle,2023-06-16,14:45:44,
bottle,2023-06-16,14:48:34,
bottle,2023-06-16,14:51:17,
bottle,2023-06-16,14:51:28,
bottle,2023-06-16,14:53:53,
bottle,2023-06-16,14:53:54,
bottle,2023-06-16,14:54:01,
bottle,2023-06-16,14:54:02,
bottle,2023-06-16,14:54:03,
bottle,2023-06-16,14:54:11,
bottle,2023-06-16,15:14:47,
bottle,2023-06-16,15:16:45,
chips,2023-06-16,15:17:19,
bottle,2023-06-16,15:18:38,
bottle,2023-06-16,15:18:48,
bottle,2023-06-16,15:21:09,
bottle,2023-06-16,15:21:10,
bottle,2023-06-16,15:26:27,
bottle,2023-06-16,15:26:28,
bottle,2023-06-16,15:32:52,
bottle,2023-06-16,15:34:44,
bottle,2023-06-16,15:34:45,
bottle,2023-06-16,15:37:07,
bottle,2023-06-16,15:37:27,
bottle,2023-06-16,15:48:58,
bottle,2023-06-16,15:50:27,
bottle,2023-06-16,15:50:28,
bottle,2023-06-16,15:52:44,
bottle,2023-06-16,15:53:59,
bottle,2023-06-16,15:54:19,
chips,2023-06-16,15:55:43,
bottle,2023-06-16,15:56:11,
chips,2023-06-16,16:02:16,
bottle,2023-06-16,20:52:00,
bottle,2023-06-16,20:52:18,
chips,2023-06-16,20:56:06,
chips,2023-06-16,20:58:38,
bottle,2023-06-16,21:00:25,
bottle,2023-06-16,21:00:27,
bottle,2023-06-16,21:00:28,
bottle,2023-06-16,21:03:49,
bottle,2023-06-16,21:03:51,
bottle,2023-06-16,21:06:45,
chips,2023-06-16,21:10:56,
chips,2023-06-16,21:11:01,
chips,2023-06-16,21:11:03,
bottle,2023-06-16,21:15:36,
bottle,2023-06-16,21:15:39,
chips,2023-06-17,23:14:51,
chips,2023-06-17,23:15:03,
chips,2023-06-17,23:15:05,
bottle,2023-06-21,12:37:40,
bottle,2023-06-21,12:46:14,
bottle,2023-06-21,12:46:17,
chips,2023-06-21,12:46:44,
chips,2023-06-21,12:46:46,
chips,2023-06-21,12:46:48,
chips,2023-06-21,12:46:53,
chips,2023-06-21,12:47:03,
chips,2023-06-21,12:47:05,
bottle,2023-06-21,12:50:51,
bottle,2023-06-21,12:50:52,
bottle,2023-06-21,12:53:10,
bottle,2023-06-21,12:53:12,
chips,2023-06-21,12:58:59,
chips,2023-06-21,12:59:12,
chips,2023-06-21,12:59:13,
chips,2023-06-21,12:59:20,
chips,2023-06-21,12:59:22,
bottle,2023-06-21,12:59:36,
bottle,2023-06-21,13:11:40,
bottle,2023-06-21,13:11:42,
bottle,2023-06-21,13:11:43,
bottle,2023-06-21,13:11:44,
bottle,2023-06-21,13:14:13,
bottle,2023-06-21,13:17:37,
bottle,2023-06-21,13:17:45,
bottle,2023-06-21,13:18:18,
bottle,2023-06-22,12:02:55,
bottle,2023-06-22,12:06:34,
bottle,2023-06-22,12:06:35,
bottle,2023-06-22,12:06:47,
bottle,2023-06-22,12:06:48,
bottle,2023-06-22,12:06:49,
bottle,2023-06-22,12:06:50,
bottle,2023-06-22,12:06:51,
bottle,2023-06-22,12:11:17,
bottle,2023-06-22,12:12:15,
bottle,2023-06-22,12:18:30,
bottle,2023-06-22,12:19:18,
bottle,2023-06-22,12:19:19,
bottle,2023-06-22,12:21:09,
bottle,2023-06-22,12:21:11,
bottle,2023-06-22,12:24:03,
bottle,2023-06-22,12:36:34,
chips,2023-06-22,12:37:52,
chips,2023-06-22,12:37:53,
bottle,2023-06-22,12:40:44,
bottle,2023-06-22,12:44:16,
bottle,2023-06-22,12:44:17,
bottle,2023-06-22,12:44:18,
bottle,2023-06-22,12:44:19,
bottle,2023-06-22,12:44:20,
bottle,2023-06-22,12:44:22,
chips,2023-06-22,12:44:24,
bottle,2023-06-22,12:44:25,
bottle,2023-06-22,12:44:26,
bottle,2023-06-22,12:44:28,
bottle,2023-06-22,12:44:32,
bottle,2023-06-22,12:44:37,
bottle,2023-06-22,12:46:31,
chips,2023-06-22,12:46:33,
chips,2023-06-22,12:47:10,
chips,2023-06-22,12:54:16,
chips,2023-06-22,12:59:17,
bottle,2023-06-22,13:01:38,
bottle,2023-06-22,13:04:51,
chips,2023-06-22,13:07:26,
bottle,2023-06-22,13:10:41,
bottle,2023-06-22,13:10:43,
bottle,2023-06-22,13:13:36,
bottle,2023-06-22,13:13:44,
bottle,2023-06-22,13:13:45,
bottle,2023-06-22,13:13:47,
chips,2023-06-22,13:19:57,
bottle,2023-06-22,13:20:13,
bottle,2023-06-22,13:20:14,
bottle,2023-06-22,13:20:15,
bottle,2023-06-22,13:20:16,
bottle,2023-06-22,13:20:17,
bottle,2023-06-22,13:25:41,
bottle,2023-06-22,13:25:44,
bottle,2023-06-22,13:25:57,
bottle,2023-06-22,13:25:58,
bottle,2023-06-22,13:25:59,
bottle,2023-06-22,13:26:00,
bottle,2023-06-22,13:26:08,
bottle,2023-06-22,13:29:41,
bottle,2023-06-22,13:29:45,
bottle,2023-06-22,13:29:48,
bottle,2023-06-22,13:29:57,
chips,2023-06-22,13:30:20,
bottle,2023-06-22,13:32:42,
bottle,2023-06-22,13:32:43,
chips,2023-06-22,13:33:11,
bottle,2023-06-22,13:33:14,
bottle,2023-06-22,13:33:15,
bottle,2023-06-22,13:33:17,
bottle,2023-06-22,13:33:19,
bottle,2023-06-22,13:35:44,
bottle,2023-06-22,13:36:19,
bottle,2023-06-22,13:41:17,
bottle,2023-06-22,13:41:18,
bottle,2023-06-22,13:41:32,
bottle,2023-06-22,13:41:35,
bottle,2023-06-22,13:41:39,
bottle,2023-06-22,13:41:40,
bottle,2023-06-22,13:43:06,
bottle,2023-06-22,13:43:12,
bottle,2023-06-22,13:45:48,
bottle,2023-06-22,13:45:57,
bottle,2023-06-22,13:51:54,
bottle,2023-06-22,13:51:57,
bottle,2023-06-22,13:52:30,
bottle,2023-06-22,13:52:34,
bottle,2023-06-22,13:53:06,
bottle,2023-06-26,10:53:03,
bottle,2023-06-26,10:54:26,
bottle,2023-06-26,10:54:26,
bottle,2023-06-26,10:54:28,
bottle,2023-07-05,10:48:58,
bottle,2023-07-05,10:48:59,
bottle,2023-07-05,14:20:10,
bottle,2023-07-05,14:20:15,
bottle,2023-07-05,14:20:16,
bottle,2023-07-05,14:20:17,
bottle,2023-07-05,14:20:18,
bottle,2023-07-05,14:20:19,
bottle,2023-07-05,14:20:19,
bottle,2023-07-05,14:20:21,
bottle,2023-07-05,14:20:21,
bottle,2023-07-05,14:20:22,
bottle,2023-07-05,14:20:23,
bottle,2023-07-05,14:20:24,
bottle,2023-07-05,14:25:47,
bottle,2023-07-05,14:25:48,
bottle,2023-07-05,14:30:38,
bottle,2023-07-05,14:30:39,
bottle,2023-07-05,14:30:51,
bottle,2023-07-05,14:32:09,
bottle,2023-07-05,14:32:09,
bottle,2023-07-05,14:32:17,
bottle,2023-07-05,14:43:09,
bottle,2023-07-05,14:43:11,
bottle,2023-07-05,14:43:17,
bottle,2023-07-05,14:43:18,
bottle,2023-07-05,14:43:21,
bottle,2023-07-05,14:49:41,
bottle,2023-07-05,14:49:42,
bottle,2023-07-05,14:53:37,
bottle,2023-07-05,14:53:38,
bottle,2023-07-05,14:53:46,
bottle,2023-07-06,23:37:43,
bottle,2023-07-06,23:40:04,
bottle,2023-07-06,23:41:32,
bottle,2023-07-06,23:44:36,
bottle,2023-07-06,23:44:37,
bottle,2023-07-06,23:47:52,
bottle,2023-07-06,23:47:53,
bottle,2023_07_06,23:49:28,
bottle,2023_07_06,23:51:42,
bottle,2023_07_06,23:51:42,
bottle,2023_07_06,23:51:43,
bottle,2023_07_06,23_53_10,
bottle,2023_07_06,23_53_12,
bottle,2023-07-06,23_55_04,
bottle,2023-07-06,23_55_05,
bottle,2023-07-06,23_55_19,
bottle,2023-07-06,23_55_19,
bottle,2023-07-06,23_55_21,
bottle,2023-07-06,23_55_24,
bottle,2023-07-06,23_55_29,
bottle,2023-07-06,23_55_31,
bottle,2023-07-06,23_55_35,
bottle,2023-07-06,23_55_36,
bottle,2023-07-06,23_55_37,
bottle,2023-07-06,23_55_38,
bottle,2023-07-06,23_55_39,
bottle,2023-07-06,23_55_40,
bottle,2023-07-06,23_55_41,
bottle,2023-07-06,23_55_42,
bottle,2023-07-06,23_55_43,
bottle,2023-07-06,23_55_45,
bottle,2023-07-06,23_55_46,
bottle,2023-07-06,23_55_47,
bottle,2023-07-06,23_55_49,
bottle,2023-07-06,23_55_50,
bottle,2023-07-06,23_55_52,
bottle,2023-07-06,23_55_53,
bottle,2023-07-06,23_55_54,
bottle,2023-07-07,00_00_10,
bottle,2023-07-07,00_01_05,
bottle,2023-07-07,00_01_05,
bottle,2023-07-07,00_02_51,
bottle,2023-07-07,00_02_52,
bottle,2023-07-07,00_02_56,
bottle,2023-07-07,00_02_57,
bottle,2023-07-07,00_02_57,
bottle,2023-07-07,00_02_59,
bottle,2023-07-07,00_03_00,
bottle,2023-07-07,00_03_01,
bottle,2023-07-07,00_03_02,
bottle,2023-07-07,00_03_02,
bottle,2023-07-07,00_04_43,
bottle,2023-07-07,00_04_43,
bottle,2023-07-07,00_04_47,
bottle,2023-07-07,00_04_50,
bottle,2023-07-07,00_04_52,
bottle,2023-07-07,00_04_53,
bottle,2023-07-07,00_04_53,
bottle,2023-07-07,00_04_54,
bottle,2023-07-07,00_06_01,
bottle,2023-07-07,00_06_02,
bottle,2023-07-07,00_06_06,
bottle,2023-07-07,00_06_07,
bottle,2023-07-07,00_06_08,
bottle,2023-07-07,00_08_22,
bottle,2023-07-07,00_08_23,
bottle,2023-07-07,00_08_35,
bottle,2023-07-07,00_08_51,
bottle,2023-07-07,00_08_53,
bottle,2023-07-07,00_08_54,
bottle,2023-07-07,00_08_55,
bottle,2023-07-07,18_57_24,
bottle,2023-07-07,18_57_25,
bottle,2023-07-07,18_57_26,
bottle,2023-07-07,19.00.18,
bottle,2023-07-07,19.00.19,
bottle,2023-07-07,19.00.32,
bottle,2023-07-07,19.02.32,
bottle,2023-07-07,19.02.33,
bottle,2023-07-07,19.09.09,
bottle,2023-07-07,19.09.22,
bottle,2023-07-07,19.09.24,
bottle,2023-07-07,19.09.25,
bottle,2023-07-07,19.09.27,
bottle,2023-07-07,19.09.28,
bottle,2023-07-07,19.09.29,
bottle,2023-07-07,19.09.31,
bottle,2023-07-07,19.09.32,
bottle,2023-07-07,19.10.34,
bottle,2023-07-07,19.10.35,
bottle,2023-07-07,19.13.39,
bottle,2023-07-07,19.13.42,
bottle,2023-07-07,19.13.43,
bottle,2023-07-07,19.13.44,
bottle,2023-07-07,19.13.45,
bottle,2023-07-07,19.13.47,
bottle,2023-07-07,19.13.48,
bottle,2023-07-07,19.13.49,
bottle,2023-07-07,19.16.41,
bottle,2023-07-07,19.16.44,
bottle,2023-07-07,19.16.45,
bottle,2023-07-07,19.16.46,
bottle,2023-07-07,19.16.47,
bottle,2023-07-07,19.21.07,
bottle,2023-07-07,19.21.11,
bottle,2023-07-07,19.21.12,
bottle,2023-07-07,19.21.13,
bottle,2023-07-07,19.21.14,
bottle,2023-07-07,19.21.16,
bottle,2023-07-07,19.22.48,
bottle,2023-07-07,19.22.49,
bottle,2023-07-07,19.22.49,
bottle,2023-07-07,19.22.50,
bottle,2023-07-07,19.22.51,
bottle,2023-07-07,19.22.51,
bottle,2023-07-07,19.22.52,
bottle,2023-07-07,19.22.53,
bottle,2023-07-07,19.22.54,
bottle,2023-07-07,19.22.54,
bottle,2023-07-07,19.22.55,
bottle,2023-07-07,19.22.56,
bottle,2023-07-07,19.22.57,
bottle,2023-07-07,19.22.57,
bottle,2023-07-07,19.22.58,
bottle,2023-07-07,19.22.59,
bottle,2023-07-07,19.22.59,
bottle,2023-07-07,19.24.08,
bottle,2023-07-07,19.24.09,
bottle,2023-07-07,19.24.10,
bottle,2023-07-07,19.24.11,
bottle,2023-07-07,19.24.12,
bottle,2023-07-07,19.24.13,
bottle,2023-07-07,19.24.14,
bottle,2023-07-07,19.24.15,
bottle,2023-07-07,19.27.46,
bottle,2023-07-07,19.27.47,
bottle,2023-07-07,19.27.48,
bottle,2023-07-07,19.27.49,
bottle,2023-07-07,19.27.49,
bottle,2023-07-07,19.27.50,
bottle,2023-07-07,19.27.51,
bottle,2023-07-07,19.27.52,
bottle,2023-07-07,19.30.48,
bottle,2023-07-07,19.32.16,
bottle,2023-07-07,19.32.16,
bottle,2023-07-07,19.37.06,
bottle,2023-07-07,19.37.07,
bottle,2023-07-07,19.37.08,
bottle,2023-07-07,19.42.35,
bottle,2023-07-07,19.42.36,
bottle,2023-07-07,19.42.36,
bottle,2023-07-07,19.42.36,
bottle,2023-07-07,19.42.40,
bottle,2023-07-07,19.42.40,
bottle,2023-07-07,19.42.41,
bottle,2023-07-07,19.42.41,
bottle,2023-07-07,19.50.23,
bottle,2023-07-07,19.50.24,
bottle,2023-07-07,19.50.25,
bottle,2023-07-07,19.50.25,
bottle,2023-07-07,19.50.26,
bottle,2023-07-07,19.50.27,
bottle,2023-07-07,19.50.27,
bottle,2023-07-07,19.50.28,
bottle,2023-07-08,00.35.04,
bottle,2023-07-08,00.35.05,
bottle,2023-07-08,00.35.06,
bottle,2023-07-08,00.35.07,
bottle,2023-07-08,00.35.23,
bottle,2023-07-08,00.35.24,
bottle,2023-07-08,00.37.33,
bottle,2023-07-08,00.37.34,
bottle,2023-07-08,00.37.35,
bottle,2023-07-08,00.37.36,
bottle,2023-07-08,00.37.37,
bottle,2023-07-08,00.37.39,
bottle,2023-07-08,00.37.40,
bottle,2023-07-08,00.39.56,
bottle,2023-07-08,00.39.56,
bottle,2023-07-08,00.39.58,
bottle,2023-07-08,00.39.59,
bottle,2023-07-08,00.40.00,
bottle,2023-07-08,00.40.02,
bottle,2023-07-08,00.43.40,
bottle,2023-07-08,00.43.46,
bottle,2023-07-08,00.43.47,
bottle,2023-07-08,00.43.49,
bottle,2023-07-08,00.43.50,
bottle,2023-07-08,00.43.51,
bottle,2023-07-08,00.43.53,
bottle,2023-07-08,00.43.54,
bottle,2023-07-08,00.50.47,
bottle,2023-07-08,00.50.48,
bottle,2023-07-08,00.50.50,
bottle,2023-07-08,00.50.51,
bottle,2023-07-08,00.55.46,
bottle,2023-07-08,00.56.18,
bottle,2023-07-08,00.58.08,
bottle,2023-07-08,00.58.11,
bottle,2023-07-08,00.58.11,
bottle,2023-07-08,00.58.12,
bottle,2023-07-08,00.58.13,
bottle,2023-07-08,00.58.14,
bottle,2023-07-08,00.58.15,
bottle,2023-07-08,01.01.28,
bottle,2023-07-08,01.01.33,
bottle,2023-07-08,01.01.34,
bottle,2023-07-08,01.01.35,
bottle,2023-07-08,01.01.35,
bottle,2023-07-08,01.01.36,
bottle,2023-07-08,01.01.37,
bottle,2023-07-08,01.01.37,
bottle,2023-07-08,01.01.38,
bottle,2023-07-08,01.04.13,
bottle,2023-07-08,01.04.16,
bottle,2023-07-08,01.04.19,
bottle,2023-07-08,01.04.20,
bottle,2023-07-08,01.06.04,
bottle,2023-07-08,01.08.30,
bottle,2023-07-08,01.10.14,
bottle,2023-07-08,01.10.15,
bottle,2023-07-08,01.10.17,
bottle,2023-07-08,01.10.20,
bottle,2023-07-08,01.10.21,
bottle,2023-07-08,01.10.22,
bottle,2023-07-08,01.10.24,
bottle,2023-07-08,01.10.25,
bottle,2023-07-08,01.10.27,
bottle,2023-07-08,01.10.34,
bottle,2023-07-08,01.10.35,
bottle,2023-07-08,01.13.26,
bottle,2023-07-08,01.14.52,
bottle,2023-07-08,01.17.20,
bottle,2023-07-08,01.19.30,
bottle,2023-07-08,01.19.33,
bottle,2023-07-08,01.19.36,
bottle,2023-07-08,01.19.38,
bottle,2023-07-08,01.19.42,
bottle,2023-07-08,01.19.45,
bottle,2023-07-08,01.19.47,
bottle,2023-07-08,01.19.50,
bottle,2023-07-08,01.19.52,
bottle,2023-07-08,01.19.55,
bottle,2023-07-08,01.19.58,
bottle,2023-07-08,01.23.03,
bottle,2023-07-08,01.23.04,
bottle,2023-07-08,01.23.06,
bottle,2023-07-08,01.23.06,
bottle,2023-07-08,01.23.08,
bottle,2023-07-08,01.23.08,
bottle,2023-07-08,01.23.10,
bottle,2023-07-08,01.23.10,
bottle,2023-07-08,01.23.11,
bottle,2023-07-08,01.23.12,
bottle,2023-07-08,01.23.13,
bottle,2023-07-08,01.28.26,
bottle,2023-07-08,01.32.59,
bottle,2023-07-08,01.34.13,
bottle,2023-07-08,01.35.29,
bottle,2023-07-08,01.35.32,
bottle,2023-07-08,01.35.33,
bottle,2023-07-08,01.35.33,
bottle,2023-07-08,01.35.35,
bottle,2023-07-08,01.35.35,
bottle,2023-07-08,01.40.24,
bottle,2023-07-08,01.42.16,
bottle,2023-07-08,01.44.25,
bottle,2023-07-08,01.49.26,
bottle,2023-07-08,01.51.49,
bottle,2023-07-08,01.51.56,
bottle,2023-07-08,01.51.58,
bottle,2023-07-08,01.51.59,
bottle,2023-07-08,01.52.00,
bottle,2023-07-08,01.52.01,
bottle,2023-07-08,01.55.56,
bottle,2023-07-08,01.57.34,
bottle,2023-07-08,01.59.53,
bottle,2023-07-08,02.00.48,
bottle,2023-07-08,02.00.53,
bottle,2023-07-08,02.00.53,
bottle,2023-07-08,02.00.54,
bottle,2023-07-08,02.04.05,
bottle,2023-07-08,02.06.47,
bottle,2023-07-08,02.06.49,
bottle,2023-07-08,02.06.54,
bottle,2023-07-08,02.06.56,
bottle,2023-07-08,02.06.57,
bottle,2023-07-08,02.06.58,
bottle,2023-07-08,02.06.59,
bottle,2023-07-08,02.07.00,
bottle,2023-07-08,02.09.11,
bottle,2023-07-08,02.09.12,
bottle,2023-07-08,02.09.15,
bottle,2023-07-08,02.09.16,
bottle,2023-07-08,02.09.17,
bottle,2023-07-08,02.09.19,
bottle,2023-07-08,12.09.08,
bottle,2023-07-08,12.09.08,
bottle,2023-07-08,12.09.10,
bottle,2023-07-08,12.09.11,
bottle,2023-07-08,12.09.28,
bottle,2023-07-08,12.09.30,
bottle,2023-07-08,12.09.31,
bottle,2023-07-08,12.09.34,
bottle,2023-07-08,12.09.45,
bottle,2023-07-08,12.09.51,
bottle,2023-07-08,12.10.00,
bottle,2023-07-08,12.10.36,
bottle,2023-07-08,12.10.51,
bottle,2023-07-08,12.10.58,
bottle,2023-07-08,12.11.07,
bottle,2023-07-08,12.13.01,
bottle,2023-07-08,12.13.02,
bottle,2023-07-08,12.13.04,
bottle,2023-07-08,12.13.16,
bottle,2023-07-08,12.14.28,
bottle,2023-07-08,12.14.29,
bottle,2023-07-08,12.14.30,
bottle,2023-07-08,12.14.35,
bottle,2023-07-08,12.14.36,
bottle,2023-07-08,12.14.44,
bottle,2023-07-08,12.14.45,
bottle,2023-07-08,12.14.46,
bottle,2023-07-08,12.14.48,
bottle,2023-07-08,12.18.47,
bottle,2023-07-11,15.09.47,
bottle,2023-07-11,15.09.48,
bottle,2023-07-11,15.09.51,
bottle,2023-07-11,15.09.55,
bottle,2023-07-11,15.09.56,
bottle,2023-07-11,15.10.02,
bottle,2023-07-11,15.10.04,
bottle,2023-07-11,15.12.27,
bottle,2023-07-11,15.12.29,
bottle,2023-07-11,15.12.30,
bottle,2023-07-11,15.12.31,
bottle,2023-07-11,15.15.36,
bottle,2023-07-11,15.15.47,
bottle,2023-07-11,15.15.55,
bottle,2023-07-11,15.16.00,
bottle,2023-07-11,15.16.05,
bottle,2023-07-11,15.16.20,
bottle,2023-07-11,15.18.14,
bottle,2023-07-11,15.18.14,
bottle,2023-07-11,15.18.19,
bottle,2023-07-11,15.18.22,
bottle,2023-07-11,15.18.23,
bottle,2023-07-11,15.18.25,
bottle,2023-07-11,15.18.27,
bottle,2023-07-11,15.18.28,
bottle,2023-07-11,15.18.30,
bottle,2023-07-11,15.18.32,
bottle,2023-07-11,15.18.34,
bottle,2023-07-11,15.18.36,
bottle,2023-07-11,15.18.38,
bottle,2023-07-11,15.18.40,
bottle,2023-07-11,15.18.42,
bottle,2023-07-11,15.18.44,
bottle,2023-07-11,15.18.45,
bottle,2023-07-11,15.18.46,
bottle,2023-07-11,15.18.48,
bottle,2023-07-11,15.18.50,
bottle,2023-07-11,15.18.53,
bottle,2023-07-11,15.18.54,
bottle,2023-07-11,15.18.56,
bottle,2023-07-11,15.18.59,
bottle,2023-07-11,15.19.07,
bottle,2023-07-11,15.20.35,
bottle,2023-07-11,15.20.35,
bottle,2023-07-11,15.20.40,
bottle,2023-07-11,15.20.43,
bottle,2023-07-11,15.20.45,
bottle,2023-07-11,15.20.47,
bottle,2023-07-11,15.20.49,
bottle,2023-07-11,15.20.51,
bottle,2023-07-11,15.20.53,
bottle,2023-07-11,15.20.54,
bottle,2023-07-11,15.20.56,
bottle,2023-07-11,15.20.58,
bottle,2023-07-11,15.21.00,
bottle,2023-07-11,15.21.01,
bottle,2023-07-11,15.21.03,
bottle,2023-07-11,15.21.05,
bottle,2023-07-11,15.21.07,
bottle,2023-07-11,15.21.07,
bottle,2023-07-11,15.21.10,
bottle,2023-07-11,15.21.11,
bottle,2023-07-11,15.21.12,
bottle,2023-07-11,15.21.13,
bottle,2023-07-11,15.21.16,
bottle,2023-07-11,15.21.18,
bottle,2023-07-11,15.21.20,
bottle,2023-07-11,15.21.22,
bottle,2023-07-11,15.21.24,
bottle,2023-07-11,15.23.00,
bottle,2023-07-11,15.23.01,
bottle,2023-07-11,15.23.04,
bottle,2023-07-11,15.23.05,
bottle,2023-07-11,15.23.06,
bottle,2023-07-11,15.23.07,
bottle,2023-07-11,15.23.08,
bottle,2023-07-11,15.23.09,
bottle,2023-07-11,15.23.10,
bottle,2023-07-11,15.23.11,
bottle,2023-07-11,15.23.12,
bottle,2023-07-11,15.23.13,
bottle,2023-07-11,15.23.14,
bottle,2023-07-11,15.23.15,
bottle,2023-07-11,15.23.16,
bottle,2023-07-11,15.23.17,
bottle,2023-07-11,15.23.35,
bottle,2023-07-11,15.23.36,
bottle,2023-07-13,23.10.29,
bottle,2023-07-13,23.10.31,
bottle,2023-07-13,23.10.32,
bottle,2023-07-13,23.10.34,
bottle,2023-07-13,23.11.46,
bottle,2023-07-13,23.11.49,
bottle,2023-07-13,23.12.47,
bottle,2023-07-13,23.12.47,
bottle,2023-07-13,23.13.13,
bottle,2023-07-13,23.13.14,
bottle,2023-07-13,23.13.15,
bottle,2023-07-13,23.13.17,
bottle,2023-07-13,23.21.04,
bottle,2023-07-13,23.21.07,
bottle,2023-07-13,23.21.08,
bottle,2023-07-17,10.35.38,
bottle,2023-07-17,10.35.39,
bottle,2023-07-17,10.35.39,
bottle,2023-07-17,10.35.40,
bottle,2023-07-17,10.36.24,
bottle,2023-07-17,10.36.25,
bottle,2023-07-17,10.36.37,
bottle,2023-07-17,10.36.37,
bottle,2023-07-17,10.36.58,
bottle,2023-07-17,10.37.04,
bottle,2023-07-17,10.37.30,
bottle,2023-07-17,10.38.30,
bottle,2023-07-17,10.38.49,
bottle,2023-07-17,10.38.49,
bottle,2023-07-17,10.38.51,
bottle,2023-07-17,10.38.53,
bottle,2023-07-17,10.39.15,
bottle,2023-07-17,10.39.15,
bottle,2023-07-17,10.39.17,
bottle,2023-07-18,16.41.25,
bottle,2023-07-18,16.42.20,
bottle,2023-07-18,16.44.10,
bottle,2023-07-18,16.44.10,
bottle,2023-07-18,16.44.12,
bottle,2023-07-18,16.44.13,
bottle,2023-07-18,16.45.03,
bottle,2023-07-18,16.47.44,
bottle,2023-07-18,16.47.45,
bottle,2023-07-18,16.47.47,
bottle,2023-07-18,16.47.48,
bottle,2023-07-18,16.51.06,
bottle,2023-07-18,16.51.06,
bottle,2023-07-18,16.51.08,
bottle,2023-07-18,16.51.09,
bottle,2023-07-18,16.51.10,
bottle,2023-07-18,16.53.59,
bottle,2023-07-18,16.53.59,
bottle,2023-07-18,16.54.01,
bottle,2023-07-18,17.01.26,
bottle,2023-07-18,17.01.30,
bottle,2023-07-18,17.01.30,
bottle,2023-07-18,17.01.31,
bottle,2023-07-18,17.01.33,
bottle,2023-07-18,17.04.49,
bottle,2023-07-18,17.04.50,
bottle,2023-07-18,17.04.51,
bottle,2023-07-18,17.05.21,
bottle,2023-07-18,17.05.22,
bottle,2023-07-18,17.05.23,
bottle,2023-07-18,17.07.19,
bottle,2023-07-18,17.07.20,
bottle,2023-07-18,17.15.11,
bottle,2023-07-18,17.15.12,
bottle,2023-07-18,17.15.13,
bottle,2023-07-18,17.23.50,
bottle,2023-07-18,17.23.51,
bottle,2023-07-18,17.23.53,
bottle,2023-07-18,17.23.54,
bottle,2023-07-18,17.23.55,
bottle,2023-07-18,17.23.56,
bottle,2023-07-18,17.23.58,
bottle,2023-07-18,17.23.59,
bottle,2023-07-18,17.24.00,
bottle,2023-07-18,17.24.02,
bottle,2023-07-18,17.24.03,
bottle,2023-07-18,17.24.04,
bottle,2023-07-18,17.24.06,
bottle,2023-07-18,17.24.07,
bottle,2023-07-18,17.24.08,
bottle,2023-07-18,17.24.10,
bottle,2023-07-18,17.25.41,
bottle,2023-07-18,17.25.41,
bottle,2023-07-18,17.25.46,
bottle,2023-07-18,17.25.47,
bottle,2023-07-18,17.25.49,
bottle,2023-07-18,17.25.51,
bottle,2023-07-18,17.25.52,
bottle,2023-07-18,17.25.54,
bottle,2023-07-18,17.25.56,
bottle,2023-07-18,17.25.57,
bottle,2023-07-18,17.25.59,
bottle,2023-07-18,17.26.01,
bottle,2023-07-18,17.26.03,
bottle,2023-07-18,17.26.05,
bottle,2023-07-18,17.26.06,
bottle,2023-07-18,17.26.08,
bottle,2023-07-18,17.52.22,
bottle,2023-07-18,17.52.22,
bottle,2023-07-18,17.52.23,
bottle,2023-07-18,17.52.23,
bottle,2023-07-18,17.52.23,
bottle,2023-07-18,17.52.24,
bottle,2023-07-18,17.52.53,
bottle,2023-07-18,17.52.54,
bottle,2023-07-18,17.52.54,
bottle,2023-07-18,17.52.54,
bottle,2023-07-18,17.52.54,
bottle,2023-07-18,17.52.55,
bottle,2023-07-18,17.53.07,
bottle,2023-07-18,17.53.07,
bottle,2023-07-18,17.53.07,
bottle,2023-07-18,17.53.07,
bottle,2023-07-18,17.55.32,
bottle,2023-07-18,17.55.32,
bottle,2023-07-18,17.55.32,
bottle,2023-07-18,17.55.32,
bottle,2023-07-18,17.55.32,
bottle,2023-07-18,17.55.33,
bottle,2023-07-18,17.55.34,
bottle,2023-07-18,17.55.35,
bottle,2023-07-18,17.55.35,
bottle,2023-07-18,17.55.35,
bottle,2023-07-18,17.55.36,
bottle,2023-07-18,17.57.52,
bottle,2023-07-18,17.57.52,
bottle,2023-07-18,17.57.52,
bottle,2023-07-18,17.57.53,
bottle,2023-07-18,17.57.53,
bottle,2023-07-18,17.57.55,
bottle,2023-07-18,17.58.01,
bottle,2023-07-18,17.58.01,
bottle,2023-07-18,17.58.01,
bottle,2023-07-18,17.58.01,
bottle,2023-07-18,17.58.02,
bottle,2023-07-18,18.02.06,
bottle,2023-07-18,18.02.06,
bottle,2023-07-18,18.02.06,
bottle,2023-07-18,18.02.07,
bottle,2023-07-18,18.02.07,
bottle,2023-07-18,18.02.07,
bottle,2023-07-18,18.02.08,
bottle,2023-07-18,18.02.08,
bottle,2023-07-18,18.02.09,
bottle,2023-07-18,18.02.10,
bottle,2023-07-18,18.02.10,
bottle,2023-07-18,18.02.25,
bottle,2023-07-18,18.02.25,
bottle,2023-07-18,18.02.25,
bottle,2023-07-18,18.02.26,
bottle,2023-07-18,18.02.26,
bottle,2023-07-18,18.02.27,
bottle,2023-07-18,18.02.27,
bottle,2023-07-18,18.02.28,
bottle,2023-07-18,18.02.28,
bottle,2023-07-18,18.02.29,
bottle,2023-07-18,18.02.30,
bottle,2023-07-18,18.02.42,
bottle,2023-07-18,18.02.42,
bottle,2023-07-18,18.02.43,
bottle,2023-07-18,18.02.44,
bottle,2023-07-18,18.02.44,
bottle,2023-07-18,18.02.44,
bottle,2023-07-18,18.02.44,
bottle,2023-07-18,18.02.45,
bottle,2023-07-18,18.02.46,
bottle,2023-07-18,18.02.47,
bottle,2023-07-18,18.02.47,
bottle,2023-07-19,19.34.32,
bottle,2023-07-19,19.34.32,
bottle,2023-07-19,19.34.33,
bottle,2023-07-19,19.34.33,
bottle,2023-07-19,19.34.33,
bottle,2023-07-19,19.34.34,
bottle,2023-07-19,19.34.42,
bottle,2023-07-19,19.34.43,
bottle,2023-07-19,19.34.43,
bottle,2023-07-19,19.34.43,
bottle,2023-07-19,19.34.48,
bottle,2023-07-19,19.35.02,
bottle,2023-07-19,19.35.03,
bottle,2023-07-19,19.35.03,
bottle,2023-07-19,19.35.03,
bottle,2023-07-19,19.35.04,
bottle,2023-07-19,19.35.04,
bottle,2023-07-19,19.35.05,
bottle,2023-07-19,19.35.05,
bottle,2023-07-19,19.35.05,
bottle,2023-07-19,19.35.06,
bottle,2023-07-19,19.35.06,
bottle,2023-07-19,19.37.26,
bottle,2023-07-19,19.37.26,
bottle,2023-07-19,19.37.27,
bottle,2023-07-19,19.37.27,
bottle,2023-07-19,19.37.27,
bottle,2023-07-19,19.37.28,
bottle,2023-07-19,19.37.28,
bottle,2023-07-19,19.37.29,
bottle,2023-07-19,19.37.29,
bottle,2023-07-19,19.37.29,
bottle,2023-07-19,19.37.30,
bottle,2023-07-19,19.38.43,
bottle,2023-07-19,19.38.44,
bottle,2023-07-19,19.38.44,
bottle,2023-07-19,19.38.44,
bottle,2023-07-19,19.38.44,
bottle,2023-07-19,19.38.45,
bottle,2023-07-19,19.38.46,
bottle,2023-07-19,19.38.46,
bottle,2023-07-19,19.38.46,
bottle,2023-07-19,19.38.50,
bottle,2023-07-19,19.38.51,
bottle,2023-07-19,19.39.05,
bottle,2023-07-19,19.39.05,
bottle,2023-07-19,19.39.06,
bottle,2023-07-19,19.39.06,
bottle,2023-07-19,19.39.07,
bottle,2023-07-19,19.39.10,
bottle,2023-07-19,19.39.10,
bottle,2023-07-19,19.39.10,
bottle,2023-07-19,19.39.11,
bottle,2023-07-19,19.39.11,
bottle,2023-07-19,19.39.12,
bottle,2023-07-19,19.41.45,
bottle,2023-07-19,19.41.47,
bottle,2023-07-19,19.41.52,
bottle,2023-07-19,19.41.53,
bottle,2023-07-19,19.41.54,
bottle,2023-07-19,19.41.54,
bottle,2023-07-19,19.41.55,
bottle,2023-07-19,19.41.56,
bottle,2023-07-19,19.41.57,
bottle,2023-07-19,19.41.57,
bottle,2023-07-19,19.41.57,
bottle,2023-07-19,19.42.11,
bottle,2023-07-19,19.42.12,
bottle,2023-07-19,19.42.12,
bottle,2023-07-19,19.42.12,
bottle,2023-07-19,19.42.13,
bottle,2023-07-19,19.42.13,
bottle,2023-07-19,19.42.14,
bottle,2023-07-19,19.42.14,
bottle,2023-07-19,19.42.15,
bottle,2023-07-19,19.42.15,
bottle,2023-07-19,19.42.15,
bottle,2023-07-19,19.42.35,
bottle,2023-07-19,19.42.35,
bottle,2023-07-19,19.42.36,
bottle,2023-07-19,19.42.36,
bottle,2023-07-19,19.42.37,
bottle,2023-07-19,19.42.37,
bottle,2023-07-19,19.42.45,
bottle,2023-07-19,19.42.47,
bottle,2023-07-19,19.42.48,
bottle,2023-07-19,19.55.22,
bottle,2023-07-19,19.55.23,
bottle,2023-07-19,19.55.25,
bottle,2023-07-19,19.55.27,
bottle,2023-07-19,19.55.27,
bottle,2023-07-19,19.55.28,
bottle,2023-07-19,19.55.35,
bottle,2023-07-19,19.55.40,
bottle,2023-07-19,19.55.46,
bottle,2023-07-19,19.55.47,
bottle,2023-07-19,19.55.54,
bottle,2023-07-19,19.56.11,
bottle,2023-07-19,19.56.12,
bottle,2023-07-19,19.56.12,
bottle,2023-07-19,19.56.12,
bottle,2023-07-19,19.56.13,
bottle,2023-07-19,19.56.15,
bottle,2023-07-19,19.56.15,
bottle,2023-07-19,19.56.15,
bottle,2023-07-19,19.56.15,
bottle,2023-07-19,19.56.16,
bottle,2023-07-19,19.56.16,
bottle,2023-07-19,19.56.29,
bottle,2023-07-19,19.56.29,
bottle,2023-07-19,19.56.29,
bottle,2023-07-19,19.56.31,
bottle,2023-07-19,20.18.44,
bottle,2023-07-19,20.18.44,
bottle,2023-07-19,20.18.48,
bottle,2023-07-19,20.18.53,
bottle,2023-07-19,20.18.54,
bottle,2023-07-19,20.18.54,
bottle,2023-07-19,20.18.54,
bottle,2023-07-19,20.18.55,
bottle,2023-07-19,20.18.56,
bottle,2023-07-19,20.19.01,
bottle,2023-07-19,20.19.02,
bottle,2023-07-19,20.19.26,
bottle,2023-07-19,20.19.29,
bottle,2023-07-19,20.19.32,
bottle,2023-07-19,20.19.32,
bottle,2023-07-19,20.27.05,
bottle,2023-07-19,20.27.13,
bottle,2023-07-19,20.27.15,
bottle,2023-07-19,20.27.17,
bottle,2023-07-19,20.27.18,
bottle,2023-07-19,20.27.18,
bottle,2023-07-19,20.27.19,
bottle,2023-07-19,20.27.19,
bottle,2023-07-19,20.27.23,
bottle,2023-07-19,20.27.24,
bottle,2023-07-19,20.27.25,
bottle,2023-07-19,20.50.20,
bottle,2023-07-19,20.50.21,
bottle,2023-07-19,20.50.21,
bottle,2023-07-19,20.50.22,
bottle,2023-07-19,20.50.22,
bottle,2023-07-19,20.50.22,
bottle,2023-07-19,20.50.25,
bottle,2023-07-19,20.50.26,
bottle,2023-07-19,20.50.26,
bottle,2023-07-19,20.50.27,
bottle,2023-07-19,20.50.28,
bottle,2023-07-19,20.54.06,
bottle,2023-07-19,20.54.08,
bottle,2023-07-19,20.54.20,
bottle,2023-07-19,20.54.21,
bottle,2023-07-19,20.54.21,
bottle,2023-07-19,20.54.21,
bottle,2023-07-19,20.54.22,
bottle,2023-07-19,21.06.17,
bottle,2023-07-19,21.06.17,
bottle,2023-07-19,21.06.17,
bottle,2023-07-19,21.06.18,
bottle,2023-07-19,21.06.18,
bottle,2023-07-19,21.06.18,
bottle,2023-07-19,21.06.19,
bottle,2023-07-19,21.06.20,
bottle,2023-07-19,21.06.21,
bottle,2023-07-19,21.06.21,
bottle,2023-07-19,21.06.22,
bottle,2023-07-19,21.19.39,
bottle,2023-07-19,21.19.42,
bottle,2023-07-19,21.19.42,
bottle,2023-07-19,21.19.42,
bottle,2023-07-19,21.19.43,
bottle,2023-07-19,21.19.43,
bottle,2023-07-19,21.20.13,
bottle,2023-07-19,21.20.13,
bottle,2023-07-19,21.20.14,
bottle,2023-07-19,21.20.14,
bottle,2023-07-19,21.20.15,
chips,2023-07-20,21.42.54,
chips,2023-07-20,21.42.55,
chips,2023-07-20,21.42.55,
chips,2023-07-20,21.42.55,
chips,2023-07-20,21.42.55,
chips,2023-07-20,21.42.56,
chips,2023-07-20,21.42.56,
chips,2023-07-20,21.42.56,
chips,2023-07-20,21.42.57,
chips,2023-07-20,21.42.59,
chips,2023-07-20,21.43.00,
chips,2023-07-20,21.43.20,
chips,2023-07-20,21.43.22,
chips,2023-07-20,21.43.27,
chips,2023-07-20,21.43.48,
chips,2023-07-20,21.43.49,
chips,2023-07-20,21.43.49,
chips,2023-07-20,21.43.49,
chips,2023-07-20,21.43.50,
chips,2023-07-20,21.44.15,
chips,2023-07-20,21.44.15,
chips,2023-07-20,21.44.15,
chips,2023-07-20,21.44.32,
chips,2023-07-20,21.44.35,
chips,2023-07-20,21.44.36,
chips,2023-07-20,21.44.36,
chips,2023-07-20,21.44.36,
chips,2023-07-20,21.44.54,
chips,2023-07-20,21.44.55,
chips,2023-07-20,21.44.56,
chips,2023-07-20,21.44.56,
chips,2023-07-20,21.44.56,
chips,2023-07-20,21.44.56,
chips,2023-07-20,21.45.37,
chips,2023-07-20,21.45.37,
chips,2023-07-20,21.45.37,
chips,2023-07-20,21.45.37,
chips,2023-07-20,21.45.38,
chips,2023-07-20,21.45.38,
chips,2023-07-20,21.45.38,
chips,2023-07-20,21.45.38,
chips,2023-07-20,21.45.39,
chips,2023-07-20,21.45.42,
chips,2023-07-20,21.45.43,
bottle,2023-07-20,21.47.25,
bottle,2023-07-20,21.47.26,
bottle,2023-07-20,21.47.27,
bottle,2023-07-20,21.47.27,
bottle,2023-07-20,21.47.28,
bottle,2023-07-20,21.47.29,
bottle,2023-07-20,21.47.47,
bottle,2023-07-20,21.47.47,
bottle,2023-07-20,21.47.48,
bottle,2023-07-20,21.47.48,
bottle,2023-07-20,21.47.49,
bottle,2023-07-20,21.50.53,
bottle,2023-07-20,21.50.54,
bottle,2023-07-20,21.50.54,
bottle,2023-07-20,21.50.54,
bottle,2023-07-20,21.50.55,
bottle,2023-07-20,21.50.55,
bottle,2023-07-20,21.50.56,
bottle,2023-07-20,21.50.56,
bottle,2023-07-20,21.50.56,
bottle,2023-07-20,21.50.56,
bottle,2023-07-20,21.50.57,
bottle,2023-07-20,21.51.17,
bottle,2023-07-20,21.51.18,
bottle,2023-07-20,21.51.40,
bottle,2023-07-20,21.51.41,
bottle,2023-07-20,21.51.42,
bottle,2023-07-20,21.51.45,
bottle,2023-07-20,21.51.54,
bottle,2023-07-20,21.51.55,
bottle,2023-07-20,21.51.56,
bottle,2023-07-20,21.51.57,
bottle,2023-07-20,21.51.59,
bottle,2023-07-20,21.52.17,
bottle,2023-07-20,21.52.21,
bottle,2023-07-20,21.52.22,
bottle,2023-07-20,21.52.24,
bottle,2023-07-20,21.52.33,
bottle,2023-07-20,21.52.34,
bottle,2023-07-20,21.52.34,
bottle,2023-07-20,21.52.34,
bottle,2023-07-20,21.52.35,
bottle,2023-07-20,21.52.35,
bottle,2023-07-20,21.52.35,
chips,2023-07-20,21.53.21,
chips,2023-07-20,21.53.23,
chips,2023-07-20,21.53.25,
chips,2023-07-20,21.53.26,
chips,2023-07-20,21.53.29,
chips,2023-07-20,21.53.31,
chips,2023-07-20,21.53.31,
chips,2023-07-20,21.53.31,
chips,2023-07-20,21.53.32,
chips,2023-07-20,21.53.32,
chips,2023-07-20,21.53.32,
chips,2023-07-20,21.53.54,
chips,2023-07-20,21.54.04,
chips,2023-07-20,21.54.04,
chips,2023-07-20,21.54.14,
chips,2023-07-20,21.54.14,
chips,2023-07-20,21.54.15,
chips,2023-07-20,21.54.20,
chips,2023-07-20,21.54.20,
chips,2023-07-20,21.54.23,
chips,2023-07-20,21.54.23,
chips,2023-07-20,21.54.23,
chips,2023-07-20,21.55.55,
chips,2023-07-20,21.55.56,
chips,2023-07-20,21.55.56,
chips,2023-07-20,21.55.57,
chips,2023-07-20,21.55.57,
chips,2023-07-20,21.55.57,
chips,2023-07-20,21.55.57,
chips,2023-07-20,21.55.58,
chips,2023-07-20,21.55.58,
chips,2023-07-20,21.55.58,
chips,2023-07-20,21.55.58,
chips,2023-07-20,21.59.40,
chips,2023-07-20,21.59.40,
chips,2023-07-20,21.59.41,
chips,2023-07-20,21.59.41,
chips,2023-07-20,21.59.41,
chips,2023-07-20,21.59.42,
chips,2023-07-20,21.59.42,
chips,2023-07-20,21.59.42,
chips,2023-07-20,21.59.43,
chips,2023-07-20,21.59.44,
chips,2023-07-20,21.59.56,
chips,2023-07-20,22.00.18,
chips,2023-07-20,22.00.18,
chips,2023-07-20,22.00.19,
chips,2023-07-20,22.00.19,
chips,2023-07-20,22.00.19,
chips,2023-07-20,22.00.20,
chips,2023-07-20,22.00.20,
chips,2023-07-20,22.00.20,
chips,2023-07-20,22.00.21,
chips,2023-07-20,22.00.21,
chips,2023-07-20,22.00.21,
chips,2023-07-20,22.03.11,
chips,2023-07-20,22.03.11,
chips,2023-07-20,22.03.11,
chips,2023-07-20,22.03.12,
chips,2023-07-20,22.03.12,
chips,2023-07-20,22.03.13,
chips,2023-07-20,22.03.13,
chips,2023-07-20,22.03.15,
bottle,2023-07-20,22.03.35,
bottle,2023-07-20,22.03.37,
bottle,2023-07-20,22.03.39,
bottle,2023-07-20,22.03.39,
bottle,2023-07-20,22.03.39,
bottle,2023-07-20,22.03.40,
bottle,2023-07-20,22.03.40,
chips,2023-07-20,22.03.55,
chips,2023-07-20,22.03.55,
chips,2023-07-20,22.04.09,
chips,2023-07-20,22.04.31,
chips,2023-07-20,22.04.31,
chips,2023-07-20,22.04.31,
chips,2023-07-20,22.04.32,
chips,2023-07-20,22.04.32,
bottle,2023-07-20,23.48.12,
bottle,2023-07-20,23.48.12,
bottle,2023-07-20,23.48.12,
bottle,2023-07-20,23.48.12,
bottle,2023-07-20,23.48.13,
bottle,2023-07-20,23.48.13,
bottle,2023-07-20,23.48.14,
bottle,2023-07-20,23.48.14,
bottle,2023-07-20,23.48.18,
bottle,2023-07-20,23.48.18,
bottle,2023-07-20,23.48.24,
chips,2023-07-20,23.48.49,
chips,2023-07-20,23.48.49,
chips,2023-07-20,23.48.49,
chips,2023-07-20,23.48.49,
chips,2023-07-20,23.48.50,
chips,2023-07-20,23.48.51,
chips,2023-07-20,23.49.05,
chips,2023-07-20,23.49.05,
chips,2023-07-20,23.49.05,
chips,2023-07-20,23.49.14,
chips,2023-07-20,23.49.17,
chips,2023-07-20,23.49.35,
chips,2023-07-20,23.49.36,
chips,2023-07-20,23.49.52,
chips,2023-07-20,23.49.52,
chips,2023-07-20,23.49.54,
chips,2023-07-20,23.49.54,
chips,2023-07-20,23.49.54,
chips,2023-07-20,23.49.55,
chips,2023-07-20,23.49.55,
chips,2023-07-20,23.50.05,
chips,2023-07-20,23.50.08,
chips,2023-07-20,23.50.29,
chips,2023-07-20,23.50.29,
chips,2023-07-20,23.50.29,
chips,2023-07-20,23.50.29,
chips,2023-07-20,23.50.29,
chips,2023-07-20,23.50.30,
chips,2023-07-20,23.50.32,
chips,2023-07-20,23.50.33,
chips,2023-07-20,23.50.41,
bottle,2023-07-26,19.31.27,
bottle,2023-07-26,19.31.27,
bottle,2023-07-26,19.31.28,
bottle,2023-07-26,19.31.28,
bottle,2023-07-26,20.54.49,
bottle,2023-07-26,20.54.50,
bottle,2023-07-26,20.54.50,
bottle,2023-07-26,20.54.50,
bottle,2023-07-26,20.54.51,
bottle,2023-07-26,20.54.51,
bottle,2023-07-26,20.54.51,
bottle,2023-07-26,20.54.52,
bottle,2023-07-26,20.54.52,
bottle,2023-07-26,20.54.52,
bottle,2023-07-26,20.55.16,
bottle,2023-07-26,20.55.32,
bottle,2023-07-26,20.55.32,
bottle,2023-07-26,20.55.33,
bottle,2023-07-26,20.55.33,
bottle,2023-07-26,20.55.33,
bottle,2023-07-26,20.55.34,
bottle,2023-07-26,20.56.21,
bottle,2023-07-26,20.56.21,
bottle,2023-07-26,20.56.21,
bottle,2023-07-26,20.56.21,
bottle,2023-07-26,20.56.22,
bottle,2023-07-26,20.56.22,
bottle,2023-07-26,20.56.23,
bottle,2023-07-26,20.56.23,
bottle,2023-07-26,20.56.23,
bottle,2023-07-26,20.56.24,
bottle,2023-07-26,20.56.24,
bottle,2023-07-26,20.59.58,
bottle,2023-07-26,21.00.00,
bottle,2023-07-26,21.00.00,
bottle,2023-07-26,21.00.02,
bottle,2023-07-26,21.00.02,
bottle,2023-07-26,21.00.03,
bottle,2023-07-26,21.00.04,
bottle,2023-07-26,21.00.05,
bottle,2023-07-26,21.00.06,
bottle,2023-07-26,21.00.06,
bottle,2023-07-26,21.00.06,
bottle,2023-07-26,21.00.22,
bottle,2023-07-26,21.00.23,
bottle,2023-07-26,21.00.23,
bottle,2023-07-26,21.00.23,
bottle,2023-07-26,21.00.24,
bottle,2023-07-26,21.00.24,
bottle,2023-07-26,21.00.24,
bottle,2023-07-26,21.00.24,
bottle,2023-07-26,21.00.25,
bottle,2023-07-26,21.00.25,
bottle,2023-07-26,21.01.12,
bottle,2023-07-26,21.01.13,
bottle,2023-07-26,21.01.13,
bottle,2023-07-26,21.01.14,
bottle,2023-07-26,21.01.15,
bottle,2023-07-26,21.01.15,
bottle,2023-07-26,21.01.16,
bottle,2023-07-26,21.01.16,
bottle,2023-07-26,21.01.16,
bottle,2023-07-26,21.01.16,
bottle,2023-07-26,21.01.28,
bottle,2023-07-26,21.01.43,
bottle,2023-07-26,21.01.43,
bottle,2023-07-26,21.01.44,
bottle,2023-07-26,21.01.44,
bottle,2023-07-26,21.01.44,
bottle,2023-07-26,21.01.44,
bottle,2023-07-26,21.01.45,
bottle,2023-07-26,21.01.45,
bottle,2023-07-26,21.01.45,
bottle,2023-07-26,21.01.46,
bottle,2023-07-26,21.01.47,
bottle,2023-07-26,21.02.02,
bottle,2023-07-26,21.02.02,
bottle,2023-07-26,21.02.02,
bottle,2023-07-26,21.02.03,
bottle,2023-07-26,21.02.03,
bottle,2023-07-26,21.02.04,
bottle,2023-07-26,21.02.04,
bottle,2023-07-26,21.02.04,
bottle,2023-07-26,21.02.04,
bottle,2023-07-26,21.02.05,
bottle,2023-07-26,21.02.05,
bottle,2023-07-26,21.02.31,
bottle,2023-07-26,21.02.31,
bottle,2023-07-26,21.02.32,
bottle,2023-07-26,21.02.32,
bottle,2023-07-26,21.02.32,
bottle,2023-07-26,21.02.33,
chips,2023-07-26,21.02.58,
chips,2023-07-26,21.02.58,
chips,2023-07-26,21.02.58,
chips,2023-07-26,21.02.58,
chips,2023-07-26,21.02.59,
chips,2023-07-26,21.02.59,
chips,2023-07-26,21.02.59,
chips,2023-07-26,21.03.00,
chips,2023-07-26,21.03.00,
chips,2023-07-26,21.03.00,
chips,2023-07-26,21.03.11,
bottle,2023-07-26,21.10.37,
bottle,2023-07-26,21.10.37,
bottle,2023-07-26,21.10.37,
bottle,2023-07-26,21.10.37,
bottle,2023-07-26,21.10.38,
bottle,2023-07-26,21.10.44,
bottle,2023-07-26,21.10.44,
bottle,2023-07-26,21.10.44,
bottle,2023-07-26,21.10.44,
bottle,2023-07-26,21.10.44,
chips,2023-07-26,21.11.12,
chips,2023-07-26,21.11.12,
chips,2023-07-26,21.11.12,
chips,2023-07-26,21.11.21,
chips,2023-07-26,21.11.32,
bottle,2023-07-27,12.14.15,
bottle,2023-07-27,12.14.15,
bottle,2023-07-27,12.14.16,
bottle,2023-07-27,12.14.16,
bottle,2023-07-27,12.14.16,
bottle,2023-07-27,12.14.17,
bottle,2023-07-27,12.14.17,
bottle,2023-07-27,12.14.18,
bottle,2023-07-27,12.14.19,
bottle,2023-07-27,12.14.19,
bottle,2023-07-27,12.28.02,
bottle,2023-07-27,12.28.03,
bottle,2023-07-27,12.28.03,
bottle,2023-07-27,12.28.04,
bottle,2023-07-27,12.28.04,
bottle,2023-07-27,12.28.06,
bottle,2023-07-27,12.28.07,
chips,2023-07-27,12.29.09,
bottle,2023-07-27,12.29.18,
bottle,2023-07-27,12.29.18,
bottle,2023-07-27,12.29.19,
bottle,2023-07-27,12.29.21,
chips,2023-07-27,12.29.21,
chips,2023-07-27,12.29.33,
chips,2023-07-27,12.29.33,
chips,2023-07-27,12.29.34,
chips,2023-07-27,12.29.34,
chips,2023-07-27,12.29.35,
chips,2023-07-27,12.29.35,
chips,2023-07-27,12.29.36,
chips,2023-07-27,12.29.36,
bottle,2023-07-27,12.29.36,
bottle,2023-07-27,12.29.37,
bottle,2023-07-27,12.29.38,
bottle,2023-07-27,12.29.39,
chips,2023-07-27,12.29.42,
chips,2023-07-27,12.29.43,
chips,2023-07-27,12.29.46,
chips,2023-07-27,12.30.02,
chips,2023-07-27,12.30.02,
chips,2023-07-27,12.30.02,
chips,2023-07-27,12.30.03,
chips,2023-07-27,12.30.03,
chips,2023-07-27,12.30.04,
chips,2023-07-27,12.30.04,
chips,2023-07-27,12.30.05,
bottle,2023-07-27,12.30.28,
bottle,2023-07-27,12.30.29,
bottle,2023-07-27,12.30.29,
bottle,2023-07-27,12.30.29,
bottle,2023-07-27,12.30.30,
bottle,2023-07-27,12.30.34,
bottle,2023-07-27,12.30.35,
bottle,2023-07-27,12.30.35,
bottle,2023-07-27,12.30.35,
bottle,2023-07-27,12.30.36,
bottle,2023-07-27,12.30.36,
bottle,2023-07-27,12.30.58,
bottle,2023-07-27,12.30.58,
bottle,2023-07-27,12.30.58,
bottle,2023-07-27,12.30.59,
bottle,2023-07-27,12.30.59,
bottle,2023-07-27,12.30.59,
bottle,2023-07-27,12.31.00,
bottle,2023-07-27,12.31.00,
bottle,2023-07-27,12.31.26,
bottle,2023-07-27,12.31.27,
bottle,2023-07-27,12.31.30,
bottle,2023-07-27,12.39.14,
bottle,2023-07-27,12.39.15,
bottle,2023-07-27,12.39.15,
bottle,2023-07-27,12.39.16,
chips,2023-07-27,12.39.42,
chips,2023-07-27,12.40.10,
bottle,2023-07-27,12.40.33,
bottle,2023-07-27,12.40.33,
bottle,2023-07-27,12.40.34,
bottle,2023-07-27,12.40.34,
bottle,2023-07-27,12.40.35,
bottle,2023-07-27,12.40.35,
bottle,2023-07-27,12.40.36,
bottle,2023-07-27,12.40.51,
bottle,2023-07-27,12.40.51,
bottle,2023-07-27,12.40.51,
bottle,2023-07-27,12.40.52,
bottle,2023-07-27,12.40.52,
bottle,2023-07-27,12.40.52,
bottle,2023-07-27,12.40.52,
bottle,2023-07-27,12.40.53,
bottle,2023-07-27,12.40.53,
bottle,2023-07-27,12.40.53,
bottle,2023-07-27,12.40.53,
bottle,2023-07-27,12.41.10,
bottle,2023-07-27,12.41.10,
bottle,2023-07-27,12.41.10,
bottle,2023-07-27,12.41.11,
bottle,2023-07-27,12.41.11,
bottle,2023-07-27,12.41.11,
bottle,2023-07-27,12.41.25,
bottle,2023-07-27,12.41.25,
bottle,2023-07-27,12.41.26,
bottle,2023-07-27,12.41.37,
bottle,2023-07-27,12.41.37,
chips,2023-07-27,12.42.01,
chips,2023-07-27,12.42.04,
chips,2023-07-27,12.42.09,
bottle,2023-07-27,12.42.55,
bottle,2023-07-27,12.42.55,
bottle,2023-07-27,12.42.56,
bottle,2023-07-27,12.42.56,
bottle,2023-07-27,12.42.56,
bottle,2023-07-27,12.42.57,
bottle,2023-07-27,12.42.59,
bottle,2023-07-27,12.42.59,
bottle,2023-07-27,12.42.59,
bottle,2023-07-27,12.43.00,
bottle,2023-07-27,12.43.00,
bottle,2023-07-27,12.43.00,
bottle,2023-07-27,12.43.15,
bottle,2023-07-27,12.43.19,
bottle,2023-07-27,12.43.19,
bottle,2023-07-27,12.43.20,
bottle,2023-07-27,12.43.20,
bottle,2023-07-27,12.43.20,
bottle,2023-07-27,12.43.20,
bottle,2023-07-27,12.43.20,
bottle,2023-07-27,12.43.20,
bottle,2023-07-27,12.43.20,
bottle,2023-07-27,12.43.21,
bottle,2023-07-27,12.43.21,
chips,2023-07-27,12.43.23,
bottle,2023-07-27,12.43.29,
bottle,2023-07-27,12.43.29,
chips,2023-07-27,12.43.43,
chips,2023-07-27,12.43.44,
chips,2023-07-27,12.43.44,
chips,2023-07-27,12.43.45,
chips,2023-07-27,12.43.47,
chips,2023-07-27,12.43.47,
chips,2023-07-27,12.43.47,
chips,2023-07-27,12.43.47,
chips,2023-07-27,12.43.48,
chips,2023-07-27,12.43.48,
chips,2023-07-27,12.43.49,
chips,2023-07-27,12.44.01,
chips,2023-07-27,12.44.05,
chips,2023-07-27,12.44.05,
chips,2023-07-27,12.44.06,
chips,2023-07-27,12.44.06,
bottle,2023-07-27,12.44.08,
bottle,2023-07-27,12.44.08,
bottle,2023-07-27,12.44.08,
bottle,2023-07-27,12.44.09,
bottle,2023-07-27,12.44.09,
bottle,2023-07-27,12.44.09,
bottle,2023-07-27,12.44.09,
bottle,2023-07-27,12.44.10,
bottle,2023-07-27,12.44.10,
bottle,2023-07-27,12.44.10,
bottle,2023-07-27,12.44.10,
chips,2023-07-27,12.44.42,
chips,2023-07-27,12.44.42,
chips,2023-07-27,12.44.43,
chips,2023-07-27,12.44.43,
chips,2023-07-27,12.44.43,
chips,2023-07-27,12.44.43,
chips,2023-07-27,12.44.44,
chips,2023-07-27,12.44.44,
chips,2023-07-27,12.44.44,
chips,2023-07-27,12.44.44,
chips,2023-07-27,12.44.45,
bottle,2023-07-27,12.44.59,
bottle,2023-07-27,12.45.06,
chips,2023-07-27,12.45.11,
chips,2023-07-27,12.45.11,
chips,2023-07-27,12.45.12,
chips,2023-07-27,12.45.12,
chips,2023-07-27,12.45.12,
chips,2023-07-27,12.45.12,
chips,2023-07-27,12.45.12,
chips,2023-07-27,12.45.14,
chips,2023-07-27,12.45.15,
chips,2023-07-27,12.45.15,
chips,2023-07-27,12.45.18,
bottle,2023-07-27,12.47.01,
bottle,2023-07-27,12.47.31,
bottle,2023-07-27,12.47.32,
bottle,2023-07-27,12.47.32,
bottle,2023-07-27,12.47.32,
bottle,2023-07-27,12.47.32,
bottle,2023-07-27,12.47.42,
bottle,2023-07-27,12.47.45,
chips,2023-07-27,12.48.14,
chips,2023-07-27,12.48.16,
chips,2023-07-27,12.48.17,
chips,2023-07-27,12.48.17,
chips,2023-07-27,12.48.17,
chips,2023-07-27,12.48.17,
chips,2023-07-27,12.48.25,
chips,2023-07-27,12.48.25,
chips,2023-07-27,12.48.39,
chips,2023-07-27,12.48.39,
chips,2023-07-27,12.48.40,
bottle,2023-07-27,12.54.10,
bottle,2023-07-27,12.54.11,
bottle,2023-07-27,12.54.11,
bottle,2023-07-27,12.54.11,
bottle,2023-07-27,12.54.11,
chips,2023-07-27,12.54.24,
chips,2023-07-27,12.54.25,
chips,2023-07-27,12.54.25,
chips,2023-07-27,12.54.25,
chips,2023-07-27,12.54.26,
chips,2023-07-27,12.54.26,
chips,2023-07-27,12.54.26,
bottle,2023-07-27,12.54.44,
bottle,2023-07-27,12.54.45,
bottle,2023-07-27,12.55.47,
bottle,2023-07-27,12.55.49,
bottle,2023-07-27,12.55.49,
bottle,2023-07-27,12.55.49,
bottle,2023-07-27,14.13.24,
bottle,2023-07-27,14.13.26,
bottle,2023-07-27,14.13.30,
bottle,2023-07-27,14.13.32,
bottle,2023-07-27,14.13.32,
bottle,2023-07-27,14.13.33,
bottle,2023-07-27,14.13.34,
bottle,2023-07-27,14.13.34,
bottle,2023-07-27,14.13.51,
bottle,2023-07-27,14.13.51,
bottle,2023-07-27,14.13.51,
chips,2023-07-27,14.14.04,
chips,2023-07-27,14.14.05,
chips,2023-07-27,14.14.05,
chips,2023-07-27,14.14.05,
chips,2023-07-27,14.14.05,
chips,2023-07-27,14.14.06,
chips,2023-07-27,14.14.06,
chips,2023-07-27,14.14.06,
bottle,2023-12-06,03.09.10,
bottle,2023-12-06,03.09.10,
bottle,2023-12-06,03.09.10,
bottle,2023-12-06,03.09.11,
bottle,2023-12-06,03.09.11,
bottle,2023-12-06,03.09.11,
bottle,2023-12-06,03.09.12,
bottle,2023-12-06,03.09.12,
bottle,2023-12-06,03.28.56,
bottle,2023-12-06,03.28.57,
bottle,2023-12-06,03.28.57,
bottle,2023-12-06,03.28.57,
bottle,2023-12-06,03.28.57,
bottle,2023-12-06,03.28.57,
bottle,2023-12-06,03.28.58,
bottle,2023-12-06,03.28.58,
